Title,Price,Rating,Colors,Size,Gender,Timestamp
Unknown Product,100.00,5,5 Colors,M,Men,2025-04-17T00:08:10.163580
T-shirt 2,102.15,3.9,3 Colors,M,Women,2025-04-17T00:08:10.163762
Hoodie 3,496.88,4.8,3 Colors,L,Unisex,2025-04-17T00:08:10.163852
Pants 4,467.31,3.3,3 Colors,XL,Men,2025-04-17T00:08:10.163929
Outerwear 5,321.59,3.5,3 Colors,XXL,Women,2025-04-17T00:08:10.164005
Jacket 6,153.37,3.3,3 Colors,S,Unisex,2025-04-17T00:08:10.164081
Crewneck 7,430.75,4.3,3 Colors,M,Men,2025-04-17T00:08:10.164152
T-shirt 8,487.66,3.1,3 Colors,L,Women,2025-04-17T00:08:10.164230
Hoodie 9,248.26,3.2,3 Colors,XL,Unisex,2025-04-17T00:08:10.164302
Pants 10,193.76,4.2,3 Colors,XXL,Men,2025-04-17T00:08:10.164372
Unknown Product,100.00,5,5 Colors,M,Men,2025-04-17T00:08:10.164442
Jacket 12,532.99,3.9,3 Colors,M,Unisex,2025-04-17T00:08:10.164511
Crewneck 13,340.45,3.2,3 Colors,L,Men,2025-04-17T00:08:10.164579
T-shirt 14,203.05,3.8,3 Colors,XL,Women,2025-04-17T00:08:10.164647
Hoodie 15,136.51,3.6,3 Colors,XXL,Unisex,2025-04-17T00:08:10.164714
Outerwear 17,52.60,3.8,3 Colors,M,Women,2025-04-17T00:08:10.164886
Jacket 18,343.75,3.8,3 Colors,L,Unisex,2025-04-17T00:08:10.164958
Crewneck 19,81.81,3.6,3 Colors,XL,Men,2025-04-17T00:08:10.165029
T-shirt 20,82.85,3.4,3 Colors,XXL,Women,2025-04-17T00:08:10.165099
Unknown Product,100.00,5,5 Colors,M,Men,2025-04-17T00:08:12.814418
Pants 22,269.98,4.9,3 Colors,M,Men,2025-04-17T00:08:12.814522
Outerwear 23,290.99,3.7,3 Colors,L,Women,2025-04-17T00:08:12.814598
Jacket 24,513.97,3.9,3 Colors,XL,Unisex,2025-04-17T00:08:12.814670
Crewneck 25,520.16,3.3,3 Colors,XXL,Men,2025-04-17T00:08:12.814744
T-shirt 26,455.77,4.6,3 Colors,S,Women,2025-04-17T00:08:12.814813
Hoodie 27,221.99,4.8,3 Colors,M,Unisex,2025-04-17T00:08:12.814883
Pants 28,326.01,4.0,3 Colors,L,Men,2025-04-17T00:08:12.814954
Outerwear 29,53.85,3.1,3 Colors,XL,Women,2025-04-17T00:08:12.815024
Jacket 30,538.14,3.7,3 Colors,XXL,Unisex,2025-04-17T00:08:12.815093
Unknown Product,100.00,5,5 Colors,M,Men,2025-04-17T00:08:12.815162
T-shirt 32,416.12,3.4,3 Colors,M,Women,2025-04-17T00:08:12.815230
Hoodie 33,453.01,3.5,3 Colors,L,Unisex,2025-04-17T00:08:12.815299
Pants 34,522.67,3.8,3 Colors,XL,Men,2025-04-17T00:08:12.815367
Outerwear 35,84.76,3.8,3 Colors,XXL,Women,2025-04-17T00:08:12.815439
Jacket 36,453.08,3.7,3 Colors,S,Unisex,2025-04-17T00:08:12.815508
Crewneck 37,375.38,4.0,3 Colors,M,Men,2025-04-17T00:08:12.815576
T-shirt 38,304.13,3.2,3 Colors,L,Women,2025-04-17T00:08:12.815644
Hoodie 39,401.95,4.6,3 Colors,XL,Unisex,2025-04-17T00:08:12.815713
Pants 40,365.85,3.1,3 Colors,XXL,Men,2025-04-17T00:08:12.815792
Unknown Product,100.00,5,5 Colors,M,Men,2025-04-17T00:08:15.160670
Jacket 42,421.51,3.7,3 Colors,M,Unisex,2025-04-17T00:08:15.160785
Crewneck 43,181.85,4.5,3 Colors,L,Men,2025-04-17T00:08:15.160880
T-shirt 44,207.02,3.0,3 Colors,XL,Women,2025-04-17T00:08:15.160969
Hoodie 45,543.32,4.5,3 Colors,XXL,Unisex,2025-04-17T00:08:15.161055
Outerwear 47,397.79,3.2,3 Colors,M,Women,2025-04-17T00:08:15.161269
Jacket 48,312.17,3.4,3 Colors,L,Unisex,2025-04-17T00:08:15.161355
Crewneck 49,66.95,4.0,3 Colors,XL,Men,2025-04-17T00:08:15.161438
T-shirt 50,370.81,3.1,3 Colors,XXL,Women,2025-04-17T00:08:15.161522
Unknown Product,100.00,5,5 Colors,M,Men,2025-04-17T00:08:15.161610
Pants 52,99.78,4.0,3 Colors,M,Men,2025-04-17T00:08:15.161702
Outerwear 53,279.43,4.3,3 Colors,L,Women,2025-04-17T00:08:15.161785
Jacket 54,53.41,4.2,3 Colors,XL,Unisex,2025-04-17T00:08:15.161868
Crewneck 55,112.11,3.6,3 Colors,XXL,Men,2025-04-17T00:08:15.161958
T-shirt 56,290.19,3.8,3 Colors,S,Women,2025-04-17T00:08:15.162042
Hoodie 57,197.21,4.9,3 Colors,M,Unisex,2025-04-17T00:08:15.162125
Pants 58,102.36,4.4,3 Colors,L,Men,2025-04-17T00:08:15.162208
Outerwear 59,140.89,4.6,3 Colors,XL,Women,2025-04-17T00:08:15.162295
Jacket 60,210.97,4.2,3 Colors,XXL,Unisex,2025-04-17T00:08:15.162385
Unknown Product,100.00,5,5 Colors,M,Men,2025-04-17T00:08:17.657877
T-shirt 62,86.03,3.8,3 Colors,M,Women,2025-04-17T00:08:17.657925
Hoodie 63,404.95,3.6,3 Colors,L,Unisex,2025-04-17T00:08:17.657962
Pants 64,483.03,4.0,3 Colors,XL,Men,2025-04-17T00:08:17.657998
Outerwear 65,149.12,4.1,3 Colors,XXL,Women,2025-04-17T00:08:17.658032
Jacket 66,272.07,3.5,3 Colors,S,Unisex,2025-04-17T00:08:17.658066
Crewneck 67,529.42,3.5,3 Colors,M,Men,2025-04-17T00:08:17.658100
T-shirt 68,501.58,4.0,3 Colors,L,Women,2025-04-17T00:08:17.658134
Hoodie 69,64.24,3.6,3 Colors,XL,Unisex,2025-04-17T00:08:17.658168
Pants 70,73.21,4.4,3 Colors,XXL,Men,2025-04-17T00:08:17.658202
Unknown Product,100.00,5,5 Colors,M,Men,2025-04-17T00:08:17.658236
Jacket 72,236.00,4.4,3 Colors,M,Unisex,2025-04-17T00:08:17.658270
Crewneck 73,153.77,3.0,3 Colors,L,Men,2025-04-17T00:08:17.658304
T-shirt 74,481.55,3.8,3 Colors,XL,Women,2025-04-17T00:08:17.658337
Hoodie 75,131.36,4.3,3 Colors,XXL,Unisex,2025-04-17T00:08:17.658371
Outerwear 77,53.86,3.7,3 Colors,M,Women,2025-04-17T00:08:17.658458
Jacket 78,169.78,4.3,3 Colors,L,Unisex,2025-04-17T00:08:17.658493
Crewneck 79,206.85,4.6,3 Colors,XL,Men,2025-04-17T00:08:17.658527
T-shirt 80,261.15,4.5,3 Colors,XXL,Women,2025-04-17T00:08:17.658562
Unknown Product,100.00,5,5 Colors,M,Men,2025-04-17T00:08:19.963439
Pants 82,519.72,4.8,3 Colors,M,Men,2025-04-17T00:08:19.963537
Outerwear 83,246.74,3.7,3 Colors,L,Women,2025-04-17T00:08:19.963613
Jacket 84,176.63,4.8,3 Colors,XL,Unisex,2025-04-17T00:08:19.963703
Crewneck 85,285.26,3.5,3 Colors,XXL,Men,2025-04-17T00:08:19.963793
T-shirt 86,104.43,3.9,3 Colors,S,Women,2025-04-17T00:08:19.963864
Hoodie 87,491.89,4.3,3 Colors,M,Unisex,2025-04-17T00:08:19.963934
Pants 88,474.40,3.1,3 Colors,L,Men,2025-04-17T00:08:19.964004
Outerwear 89,303.52,3.0,3 Colors,XL,Women,2025-04-17T00:08:19.964072
Jacket 90,447.50,4.0,3 Colors,XXL,Unisex,2025-04-17T00:08:19.964141
Unknown Product,100.00,5,5 Colors,M,Men,2025-04-17T00:08:19.964210
T-shirt 92,313.27,3.5,3 Colors,M,Women,2025-04-17T00:08:19.964278
Hoodie 93,85.33,3.6,3 Colors,L,Unisex,2025-04-17T00:08:19.964347
Pants 94,67.18,4.3,3 Colors,XL,Men,2025-04-17T00:08:19.964414
Outerwear 95,378.89,3.5,3 Colors,XXL,Women,2025-04-17T00:08:19.964484
Jacket 96,287.39,4.9,3 Colors,S,Unisex,2025-04-17T00:08:19.964552
Crewneck 97,382.07,3.9,3 Colors,M,Men,2025-04-17T00:08:19.964621
T-shirt 98,537.31,3.1,3 Colors,L,Women,2025-04-17T00:08:19.964689
Hoodie 99,314.25,3.6,3 Colors,XL,Unisex,2025-04-17T00:08:19.964757
Pants 100,138.58,4.6,3 Colors,XXL,Men,2025-04-17T00:08:19.964825
Unknown Product,100.00,5,5 Colors,M,Men,2025-04-17T00:08:22.380086
Jacket 102,240.04,3.3,3 Colors,M,Unisex,2025-04-17T00:08:22.380125
Crewneck 103,145.73,3.5,3 Colors,L,Men,2025-04-17T00:08:22.380159
T-shirt 104,148.40,3.8,3 Colors,XL,Women,2025-04-17T00:08:22.380190
Hoodie 105,313.74,4.2,3 Colors,XXL,Unisex,2025-04-17T00:08:22.380221
Outerwear 107,414.07,4.0,3 Colors,M,Women,2025-04-17T00:08:22.380299
Jacket 108,346.98,4.8,3 Colors,L,Unisex,2025-04-17T00:08:22.380332
Crewneck 109,367.93,3.3,3 Colors,XL,Men,2025-04-17T00:08:22.380409
T-shirt 110,449.82,4.6,3 Colors,XXL,Women,2025-04-17T00:08:22.380452
Unknown Product,100.00,5,5 Colors,M,Men,2025-04-17T00:08:22.380485
Pants 112,266.37,3.3,3 Colors,M,Men,2025-04-17T00:08:22.380517
Outerwear 113,279.50,3.7,3 Colors,L,Women,2025-04-17T00:08:22.380548
Jacket 114,336.66,4.9,3 Colors,XL,Unisex,2025-04-17T00:08:22.380579
Crewneck 115,120.83,4.5,3 Colors,XXL,Men,2025-04-17T00:08:22.380610
T-shirt 116,217.16,3.0,3 Colors,S,Women,2025-04-17T00:08:22.380642
Hoodie 117,211.02,5.0,3 Colors,M,Unisex,2025-04-17T00:08:22.380672
Pants 118,349.09,3.2,3 Colors,L,Men,2025-04-17T00:08:22.380702
Outerwear 119,222.61,3.4,3 Colors,XL,Women,2025-04-17T00:08:22.380731
Jacket 120,467.52,4.0,3 Colors,XXL,Unisex,2025-04-17T00:08:22.380761
Unknown Product,100.00,5,5 Colors,M,Men,2025-04-17T00:08:24.676632
T-shirt 122,122.62,3.6,3 Colors,M,Women,2025-04-17T00:08:24.676687
Hoodie 123,281.13,3.8,3 Colors,L,Unisex,2025-04-17T00:08:24.676725
Pants 124,438.97,3.2,3 Colors,XL,Men,2025-04-17T00:08:24.676761
Outerwear 125,437.39,4.2,3 Colors,XXL,Women,2025-04-17T00:08:24.676797
Jacket 126,276.63,3.9,3 Colors,S,Unisex,2025-04-17T00:08:24.676831
Crewneck 127,519.48,4.0,3 Colors,M,Men,2025-04-17T00:08:24.676866
T-shirt 128,279.17,3.8,3 Colors,L,Women,2025-04-17T00:08:24.676900
Hoodie 129,158.28,4.5,3 Colors,XL,Unisex,2025-04-17T00:08:24.676933
Pants 130,412.72,4.8,3 Colors,XXL,Men,2025-04-17T00:08:24.676968
Unknown Product,100.00,5,5 Colors,M,Men,2025-04-17T00:08:24.677002
Jacket 132,404.68,4.2,3 Colors,M,Unisex,2025-04-17T00:08:24.677036
Crewneck 133,126.02,4.7,3 Colors,L,Men,2025-04-17T00:08:24.677070
T-shirt 134,371.09,3.2,3 Colors,XL,Women,2025-04-17T00:08:24.677109
Hoodie 135,321.34,4.7,3 Colors,XXL,Unisex,2025-04-17T00:08:24.677143
Outerwear 137,436.77,4.5,3 Colors,M,Women,2025-04-17T00:08:24.677237
Jacket 138,289.72,3.4,3 Colors,L,Unisex,2025-04-17T00:08:24.677272
Crewneck 139,503.32,4.5,3 Colors,XL,Men,2025-04-17T00:08:24.677306
T-shirt 140,425.69,3.5,3 Colors,XXL,Women,2025-04-17T00:08:24.677341
Unknown Product,100.00,5,5 Colors,M,Men,2025-04-17T00:08:27.346723
Pants 142,145.33,4.9,3 Colors,M,Men,2025-04-17T00:08:27.346821
Outerwear 143,209.16,4.9,3 Colors,L,Women,2025-04-17T00:08:27.346896
Jacket 144,359.89,4.3,3 Colors,XL,Unisex,2025-04-17T00:08:27.346968
Crewneck 145,217.05,4.8,3 Colors,XXL,Men,2025-04-17T00:08:27.347038
T-shirt 146,480.54,4.3,3 Colors,S,Women,2025-04-17T00:08:27.347107
Hoodie 147,190.80,5.0,3 Colors,M,Unisex,2025-04-17T00:08:27.347178
Pants 148,377.09,4.7,3 Colors,L,Men,2025-04-17T00:08:27.347246
Outerwear 149,194.12,3.2,3 Colors,XL,Women,2025-04-17T00:08:27.347316
Jacket 150,93.79,3.6,3 Colors,XXL,Unisex,2025-04-17T00:08:27.347384
Unknown Product,100.00,5,5 Colors,M,Men,2025-04-17T00:08:27.347461
T-shirt 152,393.04,4.2,3 Colors,M,Women,2025-04-17T00:08:27.347530
Hoodie 153,166.29,4.3,3 Colors,L,Unisex,2025-04-17T00:08:27.347599
Pants 154,146.09,3.0,3 Colors,XL,Men,2025-04-17T00:08:27.347668
Outerwear 155,236.45,4.1,3 Colors,XXL,Women,2025-04-17T00:08:27.347737
Jacket 156,415.32,3.6,3 Colors,S,Unisex,2025-04-17T00:08:27.347806
Crewneck 157,69.11,4.0,3 Colors,M,Men,2025-04-17T00:08:27.347874
T-shirt 158,457.57,4.0,3 Colors,L,Women,2025-04-17T00:08:27.347942
Hoodie 159,148.23,4.9,3 Colors,XL,Unisex,2025-04-17T00:08:27.348009
Pants 160,175.18,3.4,3 Colors,XXL,Men,2025-04-17T00:08:27.348080
Unknown Product,100.00,5,5 Colors,M,Men,2025-04-17T00:08:29.851125
Jacket 162,96.49,4.5,3 Colors,M,Unisex,2025-04-17T00:08:29.851225
Crewneck 163,491.37,4.4,3 Colors,L,Men,2025-04-17T00:08:29.851301
T-shirt 164,219.50,3.9,3 Colors,XL,Women,2025-04-17T00:08:29.851374
Hoodie 165,432.58,4.9,3 Colors,XXL,Unisex,2025-04-17T00:08:29.851449
Outerwear 167,204.61,3.1,3 Colors,M,Women,2025-04-17T00:08:29.851637
Jacket 168,54.40,4.4,3 Colors,L,Unisex,2025-04-17T00:08:29.851708
Crewneck 169,502.05,4.7,3 Colors,XL,Men,2025-04-17T00:08:29.851778
T-shirt 170,417.37,4.5,3 Colors,XXL,Women,2025-04-17T00:08:29.851848
Unknown Product,100.00,5,5 Colors,M,Men,2025-04-17T00:08:29.851919
Pants 172,97.88,4.9,3 Colors,M,Men,2025-04-17T00:08:29.851993
Outerwear 173,439.66,4.6,3 Colors,L,Women,2025-04-17T00:08:29.852066
Jacket 174,392.64,3.3,3 Colors,XL,Unisex,2025-04-17T00:08:29.852136
Crewneck 175,507.82,4.5,3 Colors,XXL,Men,2025-04-17T00:08:29.852205
T-shirt 176,381.52,3.6,3 Colors,S,Women,2025-04-17T00:08:29.852273
Hoodie 177,118.15,4.6,3 Colors,M,Unisex,2025-04-17T00:08:29.852343
Pants 178,386.51,3.0,3 Colors,L,Men,2025-04-17T00:08:29.852411
Outerwear 179,363.54,3.5,3 Colors,XL,Women,2025-04-17T00:08:29.852480
Jacket 180,347.04,3.9,3 Colors,XXL,Unisex,2025-04-17T00:08:29.852558
Unknown Product,100.00,5,5 Colors,M,Men,2025-04-17T00:08:32.160735
T-shirt 182,145.93,3.8,3 Colors,M,Women,2025-04-17T00:08:32.160846
Hoodie 183,244.04,3.6,3 Colors,L,Unisex,2025-04-17T00:08:32.160920
Pants 184,484.97,4.5,3 Colors,XL,Men,2025-04-17T00:08:32.160992
Outerwear 185,488.93,3.2,3 Colors,XXL,Women,2025-04-17T00:08:32.161065
Jacket 186,433.78,4.2,3 Colors,S,Unisex,2025-04-17T00:08:32.161134
Crewneck 187,416.47,3.8,3 Colors,M,Men,2025-04-17T00:08:32.161203
T-shirt 188,245.49,4.4,3 Colors,L,Women,2025-04-17T00:08:32.161271
Hoodie 189,121.67,4.0,3 Colors,XL,Unisex,2025-04-17T00:08:32.161339
Pants 190,138.81,4.5,3 Colors,XXL,Men,2025-04-17T00:08:32.161408
Unknown Product,100.00,5,5 Colors,M,Men,2025-04-17T00:08:32.161476
Jacket 192,316.64,3.8,3 Colors,M,Unisex,2025-04-17T00:08:32.161543
Crewneck 193,459.73,4.1,3 Colors,L,Men,2025-04-17T00:08:32.161611
T-shirt 194,176.17,4.9,3 Colors,XL,Women,2025-04-17T00:08:32.161679
Hoodie 195,450.56,4.9,3 Colors,XXL,Unisex,2025-04-17T00:08:32.161754
Outerwear 197,355.10,4.9,3 Colors,M,Women,2025-04-17T00:08:32.161937
Jacket 198,339.69,4.5,3 Colors,L,Unisex,2025-04-17T00:08:32.162006
Crewneck 199,421.52,3.1,3 Colors,XL,Men,2025-04-17T00:08:32.162074
T-shirt 200,393.12,3.5,3 Colors,XXL,Women,2025-04-17T00:08:32.162143
Unknown Product,100.00,5,5 Colors,M,Men,2025-04-17T00:08:34.486612
Pants 202,349.53,3.3,3 Colors,M,Men,2025-04-17T00:08:34.486708
Outerwear 203,134.00,3.4,3 Colors,L,Women,2025-04-17T00:08:34.486783
Jacket 204,376.94,3.9,3 Colors,XL,Unisex,2025-04-17T00:08:34.486855
Crewneck 205,402.18,3.2,3 Colors,XXL,Men,2025-04-17T00:08:34.486927
T-shirt 206,292.17,4.5,3 Colors,S,Women,2025-04-17T00:08:34.486996
Hoodie 207,381.34,3.5,3 Colors,M,Unisex,2025-04-17T00:08:34.487066
Pants 208,289.85,3.1,3 Colors,L,Men,2025-04-17T00:08:34.487152
Outerwear 209,498.79,4.3,3 Colors,XL,Women,2025-04-17T00:08:34.487221
Jacket 210,489.21,4.7,3 Colors,XXL,Unisex,2025-04-17T00:08:34.487290
Unknown Product,100.00,5,5 Colors,M,Men,2025-04-17T00:08:34.487359
T-shirt 212,549.68,4.7,3 Colors,M,Women,2025-04-17T00:08:34.487427
Hoodie 213,359.25,3.6,3 Colors,L,Unisex,2025-04-17T00:08:34.487496
Pants 214,269.73,4.9,3 Colors,XL,Men,2025-04-17T00:08:34.487566
Outerwear 215,90.60,3.8,3 Colors,XXL,Women,2025-04-17T00:08:34.487647
Jacket 216,286.03,4.6,3 Colors,S,Unisex,2025-04-17T00:08:34.487722
Crewneck 217,360.81,4.8,3 Colors,M,Men,2025-04-17T00:08:34.487802
T-shirt 218,350.02,3.1,3 Colors,L,Women,2025-04-17T00:08:34.487870
Hoodie 219,354.44,4.6,3 Colors,XL,Unisex,2025-04-17T00:08:34.487938
Pants 220,209.85,3.2,3 Colors,XXL,Men,2025-04-17T00:08:34.488005
Unknown Product,100.00,5,5 Colors,M,Men,2025-04-17T00:08:37.154144
Jacket 222,464.88,3.4,3 Colors,M,Unisex,2025-04-17T00:08:37.154256
Crewneck 223,59.56,4.8,3 Colors,L,Men,2025-04-17T00:08:37.154346
T-shirt 224,220.91,4.5,3 Colors,XL,Women,2025-04-17T00:08:37.154424
Hoodie 225,327.05,3.5,3 Colors,XXL,Unisex,2025-04-17T00:08:37.154500
Outerwear 227,421.41,4.8,3 Colors,M,Women,2025-04-17T00:08:37.154683
Jacket 228,504.80,4.5,3 Colors,L,Unisex,2025-04-17T00:08:37.154754
Crewneck 229,193.87,4.9,3 Colors,XL,Men,2025-04-17T00:08:37.154823
T-shirt 230,445.83,4.5,3 Colors,XXL,Women,2025-04-17T00:08:37.154891
Unknown Product,100.00,5,5 Colors,M,Men,2025-04-17T00:08:37.154960
Pants 232,520.46,4.0,3 Colors,M,Men,2025-04-17T00:08:37.155028
Outerwear 233,52.96,4.8,3 Colors,L,Women,2025-04-17T00:08:37.155097
Jacket 234,72.45,4.5,3 Colors,XL,Unisex,2025-04-17T00:08:37.155164
Crewneck 235,410.02,3.4,3 Colors,XXL,Men,2025-04-17T00:08:37.155232
T-shirt 236,343.27,3.9,3 Colors,S,Women,2025-04-17T00:08:37.155300
Hoodie 237,296.47,3.1,3 Colors,M,Unisex,2025-04-17T00:08:37.155375
Pants 238,518.87,3.8,3 Colors,L,Men,2025-04-17T00:08:37.155442
Outerwear 239,495.88,3.1,3 Colors,XL,Women,2025-04-17T00:08:37.155510
Jacket 240,475.00,3.8,3 Colors,XXL,Unisex,2025-04-17T00:08:37.155585
Unknown Product,100.00,5,5 Colors,M,Men,2025-04-17T00:08:39.860046
T-shirt 242,302.10,3.4,3 Colors,M,Women,2025-04-17T00:08:39.860159
Hoodie 243,210.73,3.1,3 Colors,L,Unisex,2025-04-17T00:08:39.860251
Pants 244,507.26,3.1,3 Colors,XL,Men,2025-04-17T00:08:39.860340
Outerwear 245,90.73,4.0,3 Colors,XXL,Women,2025-04-17T00:08:39.860414
Jacket 246,545.94,3.1,3 Colors,S,Unisex,2025-04-17T00:08:39.860491
Crewneck 247,548.07,3.0,3 Colors,M,Men,2025-04-17T00:08:39.860560
T-shirt 248,142.50,4.5,3 Colors,L,Women,2025-04-17T00:08:39.860629
Hoodie 249,134.34,4.2,3 Colors,XL,Unisex,2025-04-17T00:08:39.860716
Pants 250,269.64,3.1,3 Colors,XXL,Men,2025-04-17T00:08:39.860785
Unknown Product,100.00,5,5 Colors,M,Men,2025-04-17T00:08:39.860856
Jacket 252,525.53,3.2,3 Colors,M,Unisex,2025-04-17T00:08:39.860926
Crewneck 253,115.92,3.9,3 Colors,L,Men,2025-04-17T00:08:39.860994
T-shirt 254,374.01,3.9,3 Colors,XL,Women,2025-04-17T00:08:39.861063
Hoodie 255,229.25,4.1,3 Colors,XXL,Unisex,2025-04-17T00:08:39.861131
Outerwear 257,442.07,5.0,3 Colors,M,Women,2025-04-17T00:08:39.861304
Jacket 258,130.04,4.7,3 Colors,L,Unisex,2025-04-17T00:08:39.861375
Crewneck 259,142.22,3.3,3 Colors,XL,Men,2025-04-17T00:08:39.861444
T-shirt 260,391.97,3.5,3 Colors,XXL,Women,2025-04-17T00:08:39.861512
Unknown Product,100.00,5,5 Colors,M,Men,2025-04-17T00:08:42.217439
Pants 262,68.61,3.4,3 Colors,M,Men,2025-04-17T00:08:42.217554
Outerwear 263,117.40,4.2,3 Colors,L,Women,2025-04-17T00:08:42.217645
Jacket 264,128.94,4.8,3 Colors,XL,Unisex,2025-04-17T00:08:42.217734
Crewneck 265,155.19,3.5,3 Colors,XXL,Men,2025-04-17T00:08:42.217819
T-shirt 266,302.63,4.6,3 Colors,S,Women,2025-04-17T00:08:42.217902
Hoodie 267,255.39,4.3,3 Colors,M,Unisex,2025-04-17T00:08:42.217987
Pants 268,312.82,3.6,3 Colors,L,Men,2025-04-17T00:08:42.218070
Outerwear 269,504.62,3.1,3 Colors,XL,Women,2025-04-17T00:08:42.218154
Jacket 270,160.57,4.2,3 Colors,XXL,Unisex,2025-04-17T00:08:42.218238
Unknown Product,100.00,5,5 Colors,M,Men,2025-04-17T00:08:42.218317
T-shirt 272,363.24,3.3,3 Colors,M,Women,2025-04-17T00:08:42.218385
Hoodie 273,330.71,4.9,3 Colors,L,Unisex,2025-04-17T00:08:42.218453
Pants 274,229.33,4.2,3 Colors,XL,Men,2025-04-17T00:08:42.218522
Outerwear 275,348.46,4.8,3 Colors,XXL,Women,2025-04-17T00:08:42.218590
Jacket 276,63.35,4.3,3 Colors,S,Unisex,2025-04-17T00:08:42.218665
Crewneck 277,148.98,4.7,3 Colors,M,Men,2025-04-17T00:08:42.218733
T-shirt 278,130.46,3.8,3 Colors,L,Women,2025-04-17T00:08:42.218802
Hoodie 279,349.52,4.7,3 Colors,XL,Unisex,2025-04-17T00:08:42.218872
Pants 280,468.84,3.9,3 Colors,XXL,Men,2025-04-17T00:08:42.218941
Unknown Product,100.00,5,5 Colors,M,Men,2025-04-17T00:08:44.922722
Jacket 282,139.19,3.0,3 Colors,M,Unisex,2025-04-17T00:08:44.922839
Crewneck 283,414.57,3.2,3 Colors,L,Men,2025-04-17T00:08:44.922931
T-shirt 284,410.50,3.6,3 Colors,XL,Women,2025-04-17T00:08:44.923019
Hoodie 285,188.07,3.2,3 Colors,XXL,Unisex,2025-04-17T00:08:44.923104
Outerwear 287,329.60,3.7,3 Colors,M,Women,2025-04-17T00:08:44.923301
Jacket 288,195.19,4.1,3 Colors,L,Unisex,2025-04-17T00:08:44.923378
Crewneck 289,55.50,4.0,3 Colors,XL,Men,2025-04-17T00:08:44.923449
T-shirt 290,401.57,4.2,3 Colors,XXL,Women,2025-04-17T00:08:44.923520
Unknown Product,100.00,5,5 Colors,M,Men,2025-04-17T00:08:44.923593
Pants 292,149.03,3.9,3 Colors,M,Men,2025-04-17T00:08:44.923664
Outerwear 293,73.51,4.5,3 Colors,L,Women,2025-04-17T00:08:44.923733
Jacket 294,371.70,3.8,3 Colors,XL,Unisex,2025-04-17T00:08:44.923802
Crewneck 295,454.17,4.9,3 Colors,XXL,Men,2025-04-17T00:08:44.923871
T-shirt 296,73.26,3.1,3 Colors,S,Women,2025-04-17T00:08:44.923940
Hoodie 297,487.57,3.6,3 Colors,M,Unisex,2025-04-17T00:08:44.924009
Pants 298,151.63,4.8,3 Colors,L,Men,2025-04-17T00:08:44.924078
Outerwear 299,121.74,4.3,3 Colors,XL,Women,2025-04-17T00:08:44.924147
Jacket 300,400.53,4.0,3 Colors,XXL,Unisex,2025-04-17T00:08:44.924215
Unknown Product,100.00,5,5 Colors,M,Men,2025-04-17T00:08:47.381786
T-shirt 302,356.95,3.2,3 Colors,M,Women,2025-04-17T00:08:47.381892
Hoodie 303,498.41,4.1,3 Colors,L,Unisex,2025-04-17T00:08:47.381967
Pants 304,445.61,3.4,3 Colors,XL,Men,2025-04-17T00:08:47.382038
Outerwear 305,395.34,4.5,3 Colors,XXL,Women,2025-04-17T00:08:47.382109
Jacket 306,473.44,4.2,3 Colors,S,Unisex,2025-04-17T00:08:47.382179
Crewneck 307,483.45,3.7,3 Colors,M,Men,2025-04-17T00:08:47.382248
T-shirt 308,255.38,4.1,3 Colors,L,Women,2025-04-17T00:08:47.382318
Hoodie 309,247.07,4.8,3 Colors,XL,Unisex,2025-04-17T00:08:47.382386
Pants 310,395.58,4.7,3 Colors,XXL,Men,2025-04-17T00:08:47.382454
Unknown Product,100.00,5,5 Colors,M,Men,2025-04-17T00:08:47.382523
Jacket 312,454.19,3.8,3 Colors,M,Unisex,2025-04-17T00:08:47.382591
Crewneck 313,121.77,3.1,3 Colors,L,Men,2025-04-17T00:08:47.382659
T-shirt 314,376.07,3.2,3 Colors,XL,Women,2025-04-17T00:08:47.382727
Hoodie 315,438.93,3.1,3 Colors,XXL,Unisex,2025-04-17T00:08:47.382795
Outerwear 317,328.69,3.3,3 Colors,M,Women,2025-04-17T00:08:47.382969
Jacket 318,354.20,3.7,3 Colors,L,Unisex,2025-04-17T00:08:47.383038
Crewneck 319,192.87,3.3,3 Colors,XL,Men,2025-04-17T00:08:47.383106
T-shirt 320,51.84,3.3,3 Colors,XXL,Women,2025-04-17T00:08:47.383174
Unknown Product,100.00,5,5 Colors,M,Men,2025-04-17T00:08:49.678766
Pants 322,488.15,3.2,3 Colors,M,Men,2025-04-17T00:08:49.678871
Outerwear 323,529.25,3.1,3 Colors,L,Women,2025-04-17T00:08:49.678945
Jacket 324,380.17,3.3,3 Colors,XL,Unisex,2025-04-17T00:08:49.679017
Crewneck 325,187.61,3.4,3 Colors,XXL,Men,2025-04-17T00:08:49.679087
T-shirt 326,282.46,4.9,3 Colors,S,Women,2025-04-17T00:08:49.679156
Hoodie 327,415.09,4.4,3 Colors,M,Unisex,2025-04-17T00:08:49.679225
Pants 328,358.31,4.5,3 Colors,L,Men,2025-04-17T00:08:49.679294
Outerwear 329,420.26,4.7,3 Colors,XL,Women,2025-04-17T00:08:49.679362
Jacket 330,99.45,4.3,3 Colors,XXL,Unisex,2025-04-17T00:08:49.679436
Unknown Product,100.00,5,5 Colors,M,Men,2025-04-17T00:08:49.679505
T-shirt 332,145.98,3.4,3 Colors,M,Women,2025-04-17T00:08:49.679573
Hoodie 333,109.13,4.8,3 Colors,L,Unisex,2025-04-17T00:08:49.679643
Pants 334,150.59,3.8,3 Colors,XL,Men,2025-04-17T00:08:49.679711
Outerwear 335,176.67,3.0,3 Colors,XXL,Women,2025-04-17T00:08:49.679780
Jacket 336,389.86,5.0,3 Colors,S,Unisex,2025-04-17T00:08:49.679848
Crewneck 337,538.05,4.3,3 Colors,M,Men,2025-04-17T00:08:49.679916
T-shirt 338,180.21,3.9,3 Colors,L,Women,2025-04-17T00:08:49.679984
Hoodie 339,276.55,4.9,3 Colors,XL,Unisex,2025-04-17T00:08:49.680055
Pants 340,373.45,4.3,3 Colors,XXL,Men,2025-04-17T00:08:49.680129
Unknown Product,100.00,5,5 Colors,M,Men,2025-04-17T00:08:51.976581
Jacket 342,114.23,4.8,3 Colors,M,Unisex,2025-04-17T00:08:51.976675
Crewneck 343,142.44,4.1,3 Colors,L,Men,2025-04-17T00:08:51.976750
T-shirt 344,213.48,4.5,3 Colors,XL,Women,2025-04-17T00:08:51.976822
Hoodie 345,473.59,3.3,3 Colors,XXL,Unisex,2025-04-17T00:08:51.976899
Outerwear 347,436.63,4.7,3 Colors,M,Women,2025-04-17T00:08:51.977080
Jacket 348,199.69,4.6,3 Colors,L,Unisex,2025-04-17T00:08:51.977150
Crewneck 349,380.35,3.5,3 Colors,XL,Men,2025-04-17T00:08:51.977219
T-shirt 350,502.98,5.0,3 Colors,XXL,Women,2025-04-17T00:08:51.977288
Unknown Product,100.00,5,5 Colors,M,Men,2025-04-17T00:08:51.977357
Pants 352,177.43,4.0,3 Colors,M,Men,2025-04-17T00:08:51.977425
Outerwear 353,60.10,3.6,3 Colors,L,Women,2025-04-17T00:08:51.977493
Jacket 354,143.42,3.8,3 Colors,XL,Unisex,2025-04-17T00:08:51.977561
Crewneck 355,265.41,3.2,3 Colors,XXL,Men,2025-04-17T00:08:51.977629
T-shirt 356,446.88,4.3,3 Colors,S,Women,2025-04-17T00:08:51.977696
Hoodie 357,233.71,3.6,3 Colors,M,Unisex,2025-04-17T00:08:51.977765
Pants 358,529.97,3.9,3 Colors,L,Men,2025-04-17T00:08:51.977833
Outerwear 359,106.03,4.3,3 Colors,XL,Women,2025-04-17T00:08:51.977905
Jacket 360,549.27,4.8,3 Colors,XXL,Unisex,2025-04-17T00:08:51.977974
Unknown Product,100.00,5,5 Colors,M,Men,2025-04-17T00:08:54.338830
T-shirt 362,298.55,5.0,3 Colors,M,Women,2025-04-17T00:08:54.338942
Hoodie 363,73.21,3.2,3 Colors,L,Unisex,2025-04-17T00:08:54.339034
Pants 364,310.80,4.8,3 Colors,XL,Men,2025-04-17T00:08:54.339122
Outerwear 365,434.78,4.5,3 Colors,XXL,Women,2025-04-17T00:08:54.339207
Jacket 366,365.93,4.9,3 Colors,S,Unisex,2025-04-17T00:08:54.339293
Crewneck 367,522.46,4.9,3 Colors,M,Men,2025-04-17T00:08:54.339377
T-shirt 368,60.32,3.2,3 Colors,L,Women,2025-04-17T00:08:54.339460
Hoodie 369,450.31,4.7,3 Colors,XL,Unisex,2025-04-17T00:08:54.339543
Pants 370,284.98,3.6,3 Colors,XXL,Men,2025-04-17T00:08:54.339626
Unknown Product,100.00,5,5 Colors,M,Men,2025-04-17T00:08:54.339702
Jacket 372,315.81,3.6,3 Colors,M,Unisex,2025-04-17T00:08:54.339770
Crewneck 373,139.44,3.6,3 Colors,L,Men,2025-04-17T00:08:54.339839
T-shirt 374,481.07,3.9,3 Colors,XL,Women,2025-04-17T00:08:54.339926
Hoodie 375,439.22,3.9,3 Colors,XXL,Unisex,2025-04-17T00:08:54.340001
Outerwear 377,425.13,4.8,3 Colors,M,Women,2025-04-17T00:08:54.340175
Jacket 378,212.65,3.6,3 Colors,L,Unisex,2025-04-17T00:08:54.340246
Crewneck 379,247.70,4.4,3 Colors,XL,Men,2025-04-17T00:08:54.340315
T-shirt 380,159.19,3.8,3 Colors,XXL,Women,2025-04-17T00:08:54.340384
Unknown Product,100.00,5,5 Colors,M,Men,2025-04-17T00:08:56.635392
Pants 382,84.76,4.4,3 Colors,M,Men,2025-04-17T00:08:56.635448
Outerwear 383,214.44,3.4,3 Colors,L,Women,2025-04-17T00:08:56.635485
Jacket 384,90.81,3.3,3 Colors,XL,Unisex,2025-04-17T00:08:56.635521
Crewneck 385,496.92,4.9,3 Colors,XXL,Men,2025-04-17T00:08:56.635569
T-shirt 386,299.60,4.6,3 Colors,S,Women,2025-04-17T00:08:56.635604
Hoodie 387,526.13,4.2,3 Colors,M,Unisex,2025-04-17T00:08:56.635639
Pants 388,58.20,3.1,3 Colors,L,Men,2025-04-17T00:08:56.635673
Outerwear 389,180.20,5.0,3 Colors,XL,Women,2025-04-17T00:08:56.635707
Jacket 390,339.56,3.3,3 Colors,XXL,Unisex,2025-04-17T00:08:56.635743
Unknown Product,100.00,5,5 Colors,M,Men,2025-04-17T00:08:56.635778
T-shirt 392,76.63,4.4,3 Colors,M,Women,2025-04-17T00:08:56.635812
Hoodie 393,254.28,3.2,3 Colors,L,Unisex,2025-04-17T00:08:56.635847
Pants 394,221.25,3.3,3 Colors,XL,Men,2025-04-17T00:08:56.635881
Outerwear 395,193.67,4.0,3 Colors,XXL,Women,2025-04-17T00:08:56.635915
Jacket 396,156.58,3.9,3 Colors,S,Unisex,2025-04-17T00:08:56.635949
Crewneck 397,53.46,3.6,3 Colors,M,Men,2025-04-17T00:08:56.635983
T-shirt 398,287.05,4.7,3 Colors,L,Women,2025-04-17T00:08:56.636016
Hoodie 399,157.72,3.6,3 Colors,XL,Unisex,2025-04-17T00:08:56.636051
Pants 400,376.29,4.7,3 Colors,XXL,Men,2025-04-17T00:08:56.636085
Unknown Product,100.00,5,5 Colors,M,Men,2025-04-17T00:08:58.938930
Jacket 402,126.82,4.6,3 Colors,M,Unisex,2025-04-17T00:08:58.939050
Crewneck 403,98.77,4.1,3 Colors,L,Men,2025-04-17T00:08:58.939124
T-shirt 404,218.82,4.9,3 Colors,XL,Women,2025-04-17T00:08:58.939196
Hoodie 405,317.51,3.8,3 Colors,XXL,Unisex,2025-04-17T00:08:58.939266
Outerwear 407,172.58,3.7,3 Colors,M,Women,2025-04-17T00:08:58.939444
Jacket 408,261.00,4.9,3 Colors,L,Unisex,2025-04-17T00:08:58.939517
Crewneck 409,201.36,3.5,3 Colors,XL,Men,2025-04-17T00:08:58.939585
T-shirt 410,99.17,3.1,3 Colors,XXL,Women,2025-04-17T00:08:58.939653
Unknown Product,100.00,5,5 Colors,M,Men,2025-04-17T00:08:58.939721
Pants 412,339.89,4.4,3 Colors,M,Men,2025-04-17T00:08:58.939789
Outerwear 413,81.65,3.4,3 Colors,L,Women,2025-04-17T00:08:58.939857
Jacket 414,139.67,3.7,3 Colors,XL,Unisex,2025-04-17T00:08:58.939926
Crewneck 415,226.09,3.1,3 Colors,XXL,Men,2025-04-17T00:08:58.939993
T-shirt 416,278.38,3.1,3 Colors,S,Women,2025-04-17T00:08:58.940072
Hoodie 417,173.09,4.6,3 Colors,M,Unisex,2025-04-17T00:08:58.940139
Pants 418,394.24,5.0,3 Colors,L,Men,2025-04-17T00:08:58.940208
Outerwear 419,437.75,5.0,3 Colors,XL,Women,2025-04-17T00:08:58.940277
Jacket 420,154.54,3.1,3 Colors,XXL,Unisex,2025-04-17T00:08:58.940347
Unknown Product,100.00,5,5 Colors,M,Men,2025-04-17T00:09:01.252785
T-shirt 422,57.77,3.9,3 Colors,M,Women,2025-04-17T00:09:01.252885
Hoodie 423,287.61,3.7,3 Colors,L,Unisex,2025-04-17T00:09:01.252960
Pants 424,241.61,4.4,3 Colors,XL,Men,2025-04-17T00:09:01.253031
Outerwear 425,158.03,4.8,3 Colors,XXL,Women,2025-04-17T00:09:01.253102
Jacket 426,216.40,3.4,3 Colors,S,Unisex,2025-04-17T00:09:01.253171
Crewneck 427,398.45,3.3,3 Colors,M,Men,2025-04-17T00:09:01.253252
T-shirt 428,440.82,4.9,3 Colors,L,Women,2025-04-17T00:09:01.253321
Hoodie 429,103.66,4.9,3 Colors,XL,Unisex,2025-04-17T00:09:01.253389
Pants 430,90.13,3.9,3 Colors,XXL,Men,2025-04-17T00:09:01.253458
Unknown Product,100.00,5,5 Colors,M,Men,2025-04-17T00:09:01.253528
Jacket 432,134.49,4.5,3 Colors,M,Unisex,2025-04-17T00:09:01.253596
Crewneck 433,242.03,4.2,3 Colors,L,Men,2025-04-17T00:09:01.253665
T-shirt 434,409.82,4.9,3 Colors,XL,Women,2025-04-17T00:09:01.253734
Hoodie 435,63.48,4.0,3 Colors,XXL,Unisex,2025-04-17T00:09:01.253802
Outerwear 437,63.55,3.9,3 Colors,M,Women,2025-04-17T00:09:01.253984
Jacket 438,153.32,4.5,3 Colors,L,Unisex,2025-04-17T00:09:01.254054
Crewneck 439,250.34,3.2,3 Colors,XL,Men,2025-04-17T00:09:01.254123
T-shirt 440,332.88,3.0,3 Colors,XXL,Women,2025-04-17T00:09:01.254191
Unknown Product,100.00,5,5 Colors,M,Men,2025-04-17T00:09:03.556390
Pants 442,293.85,4.3,3 Colors,M,Men,2025-04-17T00:09:03.556503
Outerwear 443,453.92,4.2,3 Colors,L,Women,2025-04-17T00:09:03.556603
Jacket 444,251.06,3.3,3 Colors,XL,Unisex,2025-04-17T00:09:03.556690
Crewneck 445,223.39,4.5,3 Colors,XXL,Men,2025-04-17T00:09:03.556784
T-shirt 446,483.76,3.2,3 Colors,S,Women,2025-04-17T00:09:03.556876
Hoodie 447,296.79,4.0,3 Colors,M,Unisex,2025-04-17T00:09:03.556980
Pants 448,51.26,4.4,3 Colors,L,Men,2025-04-17T00:09:03.557069
Outerwear 449,400.63,4.0,3 Colors,XL,Women,2025-04-17T00:09:03.557163
Jacket 450,547.18,3.1,3 Colors,XXL,Unisex,2025-04-17T00:09:03.557246
Unknown Product,100.00,5,5 Colors,M,Men,2025-04-17T00:09:03.557339
T-shirt 452,430.80,4.4,3 Colors,M,Women,2025-04-17T00:09:03.557422
Hoodie 453,411.06,4.2,3 Colors,L,Unisex,2025-04-17T00:09:03.557523
Pants 454,136.22,5.0,3 Colors,XL,Men,2025-04-17T00:09:03.557605
Outerwear 455,68.38,4.8,3 Colors,XXL,Women,2025-04-17T00:09:03.557688
Jacket 456,506.00,4.1,3 Colors,S,Unisex,2025-04-17T00:09:03.557778
Crewneck 457,458.93,4.8,3 Colors,M,Men,2025-04-17T00:09:03.557859
T-shirt 458,265.00,4.4,3 Colors,L,Women,2025-04-17T00:09:03.557929
Hoodie 459,202.33,3.5,3 Colors,XL,Unisex,2025-04-17T00:09:03.557998
Pants 460,117.55,3.6,3 Colors,XXL,Men,2025-04-17T00:09:03.558066
Unknown Product,100.00,5,5 Colors,M,Men,2025-04-17T00:09:06.251565
Jacket 462,422.99,4.5,3 Colors,M,Unisex,2025-04-17T00:09:06.251676
Crewneck 463,471.22,4.5,3 Colors,L,Men,2025-04-17T00:09:06.251766
T-shirt 464,379.38,4.5,3 Colors,XL,Women,2025-04-17T00:09:06.251852
Hoodie 465,385.27,4.7,3 Colors,XXL,Unisex,2025-04-17T00:09:06.251936
Outerwear 467,82.87,3.5,3 Colors,M,Women,2025-04-17T00:09:06.252167
Jacket 468,286.56,3.7,3 Colors,L,Unisex,2025-04-17T00:09:06.252252
Crewneck 469,108.68,4.2,3 Colors,XL,Men,2025-04-17T00:09:06.252335
T-shirt 470,483.68,3.1,3 Colors,XXL,Women,2025-04-17T00:09:06.252418
Unknown Product,100.00,5,5 Colors,M,Men,2025-04-17T00:09:06.252501
Pants 472,243.88,3.1,3 Colors,M,Men,2025-04-17T00:09:06.252577
Outerwear 473,342.38,4.2,3 Colors,L,Women,2025-04-17T00:09:06.252645
Jacket 474,366.56,4.7,3 Colors,XL,Unisex,2025-04-17T00:09:06.252722
Crewneck 475,438.58,4.6,3 Colors,XXL,Men,2025-04-17T00:09:06.252791
T-shirt 476,249.14,4.3,3 Colors,S,Women,2025-04-17T00:09:06.252859
Hoodie 477,414.13,4.2,3 Colors,M,Unisex,2025-04-17T00:09:06.252927
Pants 478,307.00,3.8,3 Colors,L,Men,2025-04-17T00:09:06.252994
Outerwear 479,456.40,4.4,3 Colors,XL,Women,2025-04-17T00:09:06.253063
Jacket 480,311.64,4.2,3 Colors,XXL,Unisex,2025-04-17T00:09:06.253131
Unknown Product,100.00,5,5 Colors,M,Men,2025-04-17T00:09:08.771436
T-shirt 482,209.53,4.8,3 Colors,M,Women,2025-04-17T00:09:08.771550
Hoodie 483,252.19,4.2,3 Colors,L,Unisex,2025-04-17T00:09:08.771654
Pants 484,401.79,4.1,3 Colors,XL,Men,2025-04-17T00:09:08.771740
Outerwear 485,252.78,4.7,3 Colors,XXL,Women,2025-04-17T00:09:08.771810
Jacket 486,160.86,3.0,3 Colors,S,Unisex,2025-04-17T00:09:08.771880
Crewneck 487,434.72,3.7,3 Colors,M,Men,2025-04-17T00:09:08.771949
T-shirt 488,549.36,3.8,3 Colors,L,Women,2025-04-17T00:09:08.772018
Hoodie 489,222.16,5.0,3 Colors,XL,Unisex,2025-04-17T00:09:08.772086
Pants 490,442.60,3.1,3 Colors,XXL,Men,2025-04-17T00:09:08.772155
Unknown Product,100.00,5,5 Colors,M,Men,2025-04-17T00:09:08.772227
Jacket 492,375.74,3.0,3 Colors,M,Unisex,2025-04-17T00:09:08.772296
Crewneck 493,316.97,4.8,3 Colors,L,Men,2025-04-17T00:09:08.772364
T-shirt 494,86.88,3.4,3 Colors,XL,Women,2025-04-17T00:09:08.772432
Hoodie 495,103.95,4.5,3 Colors,XXL,Unisex,2025-04-17T00:09:08.772513
Outerwear 497,247.36,4.4,3 Colors,M,Women,2025-04-17T00:09:08.772690
Jacket 498,275.80,4.6,3 Colors,L,Unisex,2025-04-17T00:09:08.772760
Crewneck 499,489.12,4.1,3 Colors,XL,Men,2025-04-17T00:09:08.772830
T-shirt 500,507.15,4.2,3 Colors,XXL,Women,2025-04-17T00:09:08.772898
Unknown Product,100.00,5,5 Colors,M,Men,2025-04-17T00:09:11.445686
Pants 502,445.78,4.4,3 Colors,M,Men,2025-04-17T00:09:11.445791
Outerwear 503,307.78,4.8,3 Colors,L,Women,2025-04-17T00:09:11.445868
Jacket 504,501.53,5.0,3 Colors,XL,Unisex,2025-04-17T00:09:11.445943
Crewneck 505,546.73,4.3,3 Colors,XXL,Men,2025-04-17T00:09:11.446014
T-shirt 506,535.75,3.6,3 Colors,S,Women,2025-04-17T00:09:11.446084
Hoodie 507,427.75,4.7,3 Colors,M,Unisex,2025-04-17T00:09:11.446154
Pants 508,485.38,3.5,3 Colors,L,Men,2025-04-17T00:09:11.446240
Outerwear 509,448.65,3.1,3 Colors,XL,Women,2025-04-17T00:09:11.446322
Jacket 510,97.63,3.4,3 Colors,XXL,Unisex,2025-04-17T00:09:11.446392
Unknown Product,100.00,5,5 Colors,M,Men,2025-04-17T00:09:11.446462
T-shirt 512,269.98,3.7,3 Colors,M,Women,2025-04-17T00:09:11.446532
Hoodie 513,105.86,4.4,3 Colors,L,Unisex,2025-04-17T00:09:11.446600
Pants 514,430.56,3.9,3 Colors,XL,Men,2025-04-17T00:09:11.446668
Outerwear 515,453.91,3.1,3 Colors,XXL,Women,2025-04-17T00:09:11.446740
Jacket 516,445.67,3.4,3 Colors,S,Unisex,2025-04-17T00:09:11.446810
Crewneck 517,66.83,3.5,3 Colors,M,Men,2025-04-17T00:09:11.446879
T-shirt 518,160.98,4.1,3 Colors,L,Women,2025-04-17T00:09:11.446947
Hoodie 519,139.76,4.5,3 Colors,XL,Unisex,2025-04-17T00:09:11.447017
Pants 520,144.27,3.8,3 Colors,XXL,Men,2025-04-17T00:09:11.447087
Unknown Product,100.00,5,5 Colors,M,Men,2025-04-17T00:09:13.900189
Jacket 522,393.31,4.0,3 Colors,M,Unisex,2025-04-17T00:09:13.900303
Crewneck 523,226.67,4.6,3 Colors,L,Men,2025-04-17T00:09:13.900393
T-shirt 524,58.50,3.8,3 Colors,XL,Women,2025-04-17T00:09:13.900467
Hoodie 525,494.94,3.6,3 Colors,XXL,Unisex,2025-04-17T00:09:13.900537
Outerwear 527,291.83,3.6,3 Colors,M,Women,2025-04-17T00:09:13.900718
Jacket 528,349.74,4.0,3 Colors,L,Unisex,2025-04-17T00:09:13.900788
Crewneck 529,88.76,3.2,3 Colors,XL,Men,2025-04-17T00:09:13.900856
T-shirt 530,385.86,3.3,3 Colors,XXL,Women,2025-04-17T00:09:13.900924
Unknown Product,100.00,5,5 Colors,M,Men,2025-04-17T00:09:13.900994
Pants 532,524.45,4.1,3 Colors,M,Men,2025-04-17T00:09:13.901062
Outerwear 533,210.64,4.2,3 Colors,L,Women,2025-04-17T00:09:13.901131
Jacket 534,217.45,3.7,3 Colors,XL,Unisex,2025-04-17T00:09:13.901199
Crewneck 535,243.83,3.7,3 Colors,XXL,Men,2025-04-17T00:09:13.901269
T-shirt 536,318.28,3.0,3 Colors,S,Women,2025-04-17T00:09:13.901346
Hoodie 537,541.99,3.1,3 Colors,M,Unisex,2025-04-17T00:09:13.901416
Pants 538,383.39,3.4,3 Colors,L,Men,2025-04-17T00:09:13.901485
Outerwear 539,293.29,4.7,3 Colors,XL,Women,2025-04-17T00:09:13.901553
Jacket 540,440.74,4.4,3 Colors,XXL,Unisex,2025-04-17T00:09:13.901622
Unknown Product,100.00,5,5 Colors,M,Men,2025-04-17T00:09:16.663431
T-shirt 542,297.59,3.5,3 Colors,M,Women,2025-04-17T00:09:16.663546
Hoodie 543,544.73,4.7,3 Colors,L,Unisex,2025-04-17T00:09:16.663637
Pants 544,372.36,3.1,3 Colors,XL,Men,2025-04-17T00:09:16.663724
Outerwear 545,223.71,4.0,3 Colors,XXL,Women,2025-04-17T00:09:16.663808
Jacket 546,391.97,3.3,3 Colors,S,Unisex,2025-04-17T00:09:16.663892
Crewneck 547,335.07,3.9,3 Colors,M,Men,2025-04-17T00:09:16.663976
T-shirt 548,167.89,4.6,3 Colors,L,Women,2025-04-17T00:09:16.664059
Hoodie 549,167.95,3.7,3 Colors,XL,Unisex,2025-04-17T00:09:16.664142
Pants 550,278.13,4.9,3 Colors,XXL,Men,2025-04-17T00:09:16.664215
Unknown Product,100.00,5,5 Colors,M,Men,2025-04-17T00:09:16.664288
Jacket 552,336.27,4.1,3 Colors,M,Unisex,2025-04-17T00:09:16.664356
Crewneck 553,485.05,3.8,3 Colors,L,Men,2025-04-17T00:09:16.664424
T-shirt 554,250.07,4.5,3 Colors,XL,Women,2025-04-17T00:09:16.664493
Hoodie 555,113.10,3.0,3 Colors,XXL,Unisex,2025-04-17T00:09:16.664566
Outerwear 557,341.28,3.4,3 Colors,M,Women,2025-04-17T00:09:16.664742
Jacket 558,312.94,4.0,3 Colors,L,Unisex,2025-04-17T00:09:16.664813
Crewneck 559,99.43,3.5,3 Colors,XL,Men,2025-04-17T00:09:16.664882
T-shirt 560,430.33,4.2,3 Colors,XXL,Women,2025-04-17T00:09:16.664951
Unknown Product,100.00,5,5 Colors,M,Men,2025-04-17T00:09:19.402476
Pants 562,232.76,4.5,3 Colors,M,Men,2025-04-17T00:09:19.402587
Outerwear 563,512.34,4.7,3 Colors,L,Women,2025-04-17T00:09:19.402679
Jacket 564,519.95,4.3,3 Colors,XL,Unisex,2025-04-17T00:09:19.402767
Crewneck 565,477.20,3.5,3 Colors,XXL,Men,2025-04-17T00:09:19.402852
T-shirt 566,163.21,4.6,3 Colors,S,Women,2025-04-17T00:09:19.402944
Hoodie 567,286.01,3.2,3 Colors,M,Unisex,2025-04-17T00:09:19.403031
Pants 568,186.51,3.3,3 Colors,L,Men,2025-04-17T00:09:19.403101
Outerwear 569,310.43,4.7,3 Colors,XL,Women,2025-04-17T00:09:19.403171
Jacket 570,250.06,3.9,3 Colors,XXL,Unisex,2025-04-17T00:09:19.403240
Unknown Product,100.00,5,5 Colors,M,Men,2025-04-17T00:09:19.403310
T-shirt 572,297.27,3.2,3 Colors,M,Women,2025-04-17T00:09:19.403379
Hoodie 573,434.63,4.5,3 Colors,L,Unisex,2025-04-17T00:09:19.403448
Pants 574,151.50,3.8,3 Colors,XL,Men,2025-04-17T00:09:19.403517
Outerwear 575,219.86,3.4,3 Colors,XXL,Women,2025-04-17T00:09:19.403585
Jacket 576,50.35,3.5,3 Colors,S,Unisex,2025-04-17T00:09:19.403654
Crewneck 577,492.12,3.3,3 Colors,M,Men,2025-04-17T00:09:19.403723
T-shirt 578,497.43,4.1,3 Colors,L,Women,2025-04-17T00:09:19.403790
Hoodie 579,276.79,4.4,3 Colors,XL,Unisex,2025-04-17T00:09:19.403858
Pants 580,164.09,3.3,3 Colors,XXL,Men,2025-04-17T00:09:19.403927
Unknown Product,100.00,5,5 Colors,M,Men,2025-04-17T00:09:22.111875
Jacket 582,257.01,4.1,3 Colors,M,Unisex,2025-04-17T00:09:22.111988
Crewneck 583,358.61,4.5,3 Colors,L,Men,2025-04-17T00:09:22.112064
T-shirt 584,435.31,4.8,3 Colors,XL,Women,2025-04-17T00:09:22.112139
Hoodie 585,386.68,4.9,3 Colors,XXL,Unisex,2025-04-17T00:09:22.112209
Outerwear 587,276.56,4.4,3 Colors,M,Women,2025-04-17T00:09:22.112391
Jacket 588,310.19,4.7,3 Colors,L,Unisex,2025-04-17T00:09:22.112461
Crewneck 589,58.24,4.7,3 Colors,XL,Men,2025-04-17T00:09:22.112530
T-shirt 590,403.57,3.9,3 Colors,XXL,Women,2025-04-17T00:09:22.112599
Unknown Product,100.00,5,5 Colors,M,Men,2025-04-17T00:09:22.112669
Pants 592,425.34,4.3,3 Colors,M,Men,2025-04-17T00:09:22.112738
Outerwear 593,447.74,3.9,3 Colors,L,Women,2025-04-17T00:09:22.112806
Jacket 594,544.23,4.2,3 Colors,XL,Unisex,2025-04-17T00:09:22.112874
Crewneck 595,232.74,3.5,3 Colors,XXL,Men,2025-04-17T00:09:22.112943
T-shirt 596,518.15,4.4,3 Colors,S,Women,2025-04-17T00:09:22.113011
Hoodie 597,498.09,3.3,3 Colors,M,Unisex,2025-04-17T00:09:22.113079
Pants 598,294.63,4.1,3 Colors,L,Men,2025-04-17T00:09:22.113154
Outerwear 599,73.69,3.3,3 Colors,XL,Women,2025-04-17T00:09:22.113223
Jacket 600,400.88,3.0,3 Colors,XXL,Unisex,2025-04-17T00:09:22.113290
Unknown Product,100.00,5,5 Colors,M,Men,2025-04-17T00:09:24.942733
T-shirt 602,141.31,4.4,3 Colors,M,Women,2025-04-17T00:09:24.942843
Hoodie 603,469.47,3.1,3 Colors,L,Unisex,2025-04-17T00:09:24.942934
Pants 604,478.89,4.3,3 Colors,XL,Men,2025-04-17T00:09:24.943021
Outerwear 605,106.92,3.7,3 Colors,XXL,Women,2025-04-17T00:09:24.943106
Jacket 606,360.67,4.6,3 Colors,S,Unisex,2025-04-17T00:09:24.943191
Crewneck 607,241.10,3.1,3 Colors,M,Men,2025-04-17T00:09:24.943275
T-shirt 608,440.49,4.6,3 Colors,L,Women,2025-04-17T00:09:24.943358
Hoodie 609,184.77,4.1,3 Colors,XL,Unisex,2025-04-17T00:09:24.943444
Pants 610,282.21,3.3,3 Colors,XXL,Men,2025-04-17T00:09:24.943527
Unknown Product,100.00,5,5 Colors,M,Men,2025-04-17T00:09:24.943601
Jacket 612,200.17,3.1,3 Colors,M,Unisex,2025-04-17T00:09:24.943669
Crewneck 613,63.37,3.6,3 Colors,L,Men,2025-04-17T00:09:24.943738
T-shirt 614,151.76,3.1,3 Colors,XL,Women,2025-04-17T00:09:24.943809
Hoodie 615,299.92,4.8,3 Colors,XXL,Unisex,2025-04-17T00:09:24.943877
Outerwear 617,110.37,4.3,3 Colors,M,Women,2025-04-17T00:09:24.944048
Jacket 618,404.63,3.3,3 Colors,L,Unisex,2025-04-17T00:09:24.944125
Crewneck 619,521.29,4.4,3 Colors,XL,Men,2025-04-17T00:09:24.944193
T-shirt 620,141.89,3.3,3 Colors,XXL,Women,2025-04-17T00:09:24.944262
Unknown Product,100.00,5,5 Colors,M,Men,2025-04-17T00:09:27.656190
Pants 622,303.10,3.5,3 Colors,M,Men,2025-04-17T00:09:27.656280
Outerwear 623,456.22,4.6,3 Colors,L,Women,2025-04-17T00:09:27.656353
Jacket 624,433.95,3.9,3 Colors,XL,Unisex,2025-04-17T00:09:27.656423
Crewneck 625,489.15,4.1,3 Colors,XXL,Men,2025-04-17T00:09:27.656491
T-shirt 626,486.09,4.5,3 Colors,S,Women,2025-04-17T00:09:27.656559
Hoodie 627,77.02,3.2,3 Colors,M,Unisex,2025-04-17T00:09:27.656628
Pants 628,507.07,4.3,3 Colors,L,Men,2025-04-17T00:09:27.656699
Outerwear 629,249.87,4.4,3 Colors,XL,Women,2025-04-17T00:09:27.656767
Jacket 630,62.73,3.8,3 Colors,XXL,Unisex,2025-04-17T00:09:27.656834
Unknown Product,100.00,5,5 Colors,M,Men,2025-04-17T00:09:27.656903
T-shirt 632,269.64,3.6,3 Colors,M,Women,2025-04-17T00:09:27.656970
Hoodie 633,195.50,3.1,3 Colors,L,Unisex,2025-04-17T00:09:27.657037
Pants 634,533.48,3.9,3 Colors,XL,Men,2025-04-17T00:09:27.657115
Outerwear 635,431.07,4.1,3 Colors,XXL,Women,2025-04-17T00:09:27.657182
Jacket 636,217.27,4.5,3 Colors,S,Unisex,2025-04-17T00:09:27.657258
Crewneck 637,376.89,4.0,3 Colors,M,Men,2025-04-17T00:09:27.657326
T-shirt 638,326.31,4.6,3 Colors,L,Women,2025-04-17T00:09:27.657393
Hoodie 639,423.92,4.7,3 Colors,XL,Unisex,2025-04-17T00:09:27.657460
Pants 640,189.91,3.8,3 Colors,XXL,Men,2025-04-17T00:09:27.657527
Unknown Product,100.00,5,5 Colors,M,Men,2025-04-17T00:09:30.358270
Jacket 642,484.21,4.7,3 Colors,M,Unisex,2025-04-17T00:09:30.358363
Crewneck 643,382.25,3.2,3 Colors,L,Men,2025-04-17T00:09:30.358438
T-shirt 644,467.46,4.2,3 Colors,XL,Women,2025-04-17T00:09:30.358511
Hoodie 645,205.34,3.3,3 Colors,XXL,Unisex,2025-04-17T00:09:30.358583
Outerwear 647,269.06,3.8,3 Colors,M,Women,2025-04-17T00:09:30.358761
Jacket 648,543.72,4.5,3 Colors,L,Unisex,2025-04-17T00:09:30.358832
Crewneck 649,536.76,3.2,3 Colors,XL,Men,2025-04-17T00:09:30.358901
T-shirt 650,500.80,3.4,3 Colors,XXL,Women,2025-04-17T00:09:30.358969
Unknown Product,100.00,5,5 Colors,M,Men,2025-04-17T00:09:30.359038
Pants 652,380.31,3.3,3 Colors,M,Men,2025-04-17T00:09:30.359109
Outerwear 653,163.88,4.0,3 Colors,L,Women,2025-04-17T00:09:30.359184
Jacket 654,255.59,4.7,3 Colors,XL,Unisex,2025-04-17T00:09:30.359251
Crewneck 655,114.64,4.1,3 Colors,XXL,Men,2025-04-17T00:09:30.359318
T-shirt 656,158.67,4.2,3 Colors,S,Women,2025-04-17T00:09:30.359385
Hoodie 657,528.69,4.8,3 Colors,M,Unisex,2025-04-17T00:09:30.359459
Pants 658,391.77,3.8,3 Colors,L,Men,2025-04-17T00:09:30.359528
Outerwear 659,113.62,3.3,3 Colors,XL,Women,2025-04-17T00:09:30.359597
Jacket 660,544.70,3.5,3 Colors,XXL,Unisex,2025-04-17T00:09:30.359682
Unknown Product,100.00,5,5 Colors,M,Men,2025-04-17T00:09:33.050234
T-shirt 662,88.92,4.5,3 Colors,M,Women,2025-04-17T00:09:33.050353
Hoodie 663,442.95,4.0,3 Colors,L,Unisex,2025-04-17T00:09:33.050445
Pants 664,515.54,3.5,3 Colors,XL,Men,2025-04-17T00:09:33.050532
Outerwear 665,252.10,3.2,3 Colors,XXL,Women,2025-04-17T00:09:33.050617
Jacket 666,302.75,3.9,3 Colors,S,Unisex,2025-04-17T00:09:33.050700
Crewneck 667,109.79,3.7,3 Colors,M,Men,2025-04-17T00:09:33.050777
T-shirt 668,315.29,3.7,3 Colors,L,Women,2025-04-17T00:09:33.050870
Hoodie 669,146.63,3.3,3 Colors,XL,Unisex,2025-04-17T00:09:33.050939
Pants 670,525.42,4.8,3 Colors,XXL,Men,2025-04-17T00:09:33.051009
Unknown Product,100.00,5,5 Colors,M,Men,2025-04-17T00:09:33.051082
Jacket 672,298.51,4.5,3 Colors,M,Unisex,2025-04-17T00:09:33.051151
Crewneck 673,175.21,4.7,3 Colors,L,Men,2025-04-17T00:09:33.051219
T-shirt 674,197.29,3.1,3 Colors,XL,Women,2025-04-17T00:09:33.051302
Hoodie 675,269.68,3.2,3 Colors,XXL,Unisex,2025-04-17T00:09:33.051379
Outerwear 677,291.09,3.3,3 Colors,M,Women,2025-04-17T00:09:33.051593
Jacket 678,173.57,4.3,3 Colors,L,Unisex,2025-04-17T00:09:33.051664
Crewneck 679,398.32,3.2,3 Colors,XL,Men,2025-04-17T00:09:33.051732
T-shirt 680,510.30,3.2,3 Colors,XXL,Women,2025-04-17T00:09:33.051800
Unknown Product,100.00,5,5 Colors,M,Men,2025-04-17T00:09:35.762923
Pants 682,476.03,3.9,3 Colors,M,Men,2025-04-17T00:09:35.763038
Outerwear 683,244.21,3.6,3 Colors,L,Women,2025-04-17T00:09:35.763131
Jacket 684,443.91,3.5,3 Colors,XL,Unisex,2025-04-17T00:09:35.763218
Crewneck 685,93.49,4.6,3 Colors,XXL,Men,2025-04-17T00:09:35.763305
T-shirt 686,336.36,3.8,3 Colors,S,Women,2025-04-17T00:09:35.763391
Hoodie 687,263.80,4.7,3 Colors,M,Unisex,2025-04-17T00:09:35.763471
Pants 688,92.97,4.4,3 Colors,L,Men,2025-04-17T00:09:35.763541
Outerwear 689,121.19,4.6,3 Colors,XL,Women,2025-04-17T00:09:35.763611
Jacket 690,548.91,4.7,3 Colors,XXL,Unisex,2025-04-17T00:09:35.763680
Unknown Product,100.00,5,5 Colors,M,Men,2025-04-17T00:09:35.763749
T-shirt 692,88.53,4.1,3 Colors,M,Women,2025-04-17T00:09:35.763824
Hoodie 693,189.48,4.1,3 Colors,L,Unisex,2025-04-17T00:09:35.763893
Pants 694,154.17,3.4,3 Colors,XL,Men,2025-04-17T00:09:35.763963
Outerwear 695,59.96,3.3,3 Colors,XXL,Women,2025-04-17T00:09:35.764049
Jacket 696,321.64,4.2,3 Colors,S,Unisex,2025-04-17T00:09:35.764123
Crewneck 697,409.07,5.0,3 Colors,M,Men,2025-04-17T00:09:35.764192
T-shirt 698,152.81,4.1,3 Colors,L,Women,2025-04-17T00:09:35.764260
Hoodie 699,328.14,4.5,3 Colors,XL,Unisex,2025-04-17T00:09:35.764328
Pants 700,220.41,4.3,3 Colors,XXL,Men,2025-04-17T00:09:35.764412
Unknown Product,100.00,5,5 Colors,M,Men,2025-04-17T00:09:38.482437
Jacket 702,307.98,4.3,3 Colors,M,Unisex,2025-04-17T00:09:38.482534
Crewneck 703,184.32,4.2,3 Colors,L,Men,2025-04-17T00:09:38.482611
T-shirt 704,388.39,4.1,3 Colors,XL,Women,2025-04-17T00:09:38.482685
Hoodie 705,190.18,3.1,3 Colors,XXL,Unisex,2025-04-17T00:09:38.482756
Outerwear 707,484.14,4.4,3 Colors,M,Women,2025-04-17T00:09:38.482930
Jacket 708,533.83,4.3,3 Colors,L,Unisex,2025-04-17T00:09:38.483001
Crewneck 709,438.90,3.9,3 Colors,XL,Men,2025-04-17T00:09:38.483069
T-shirt 710,234.47,3.2,3 Colors,XXL,Women,2025-04-17T00:09:38.483138
Unknown Product,100.00,5,5 Colors,M,Men,2025-04-17T00:09:38.483209
Pants 712,94.40,4.1,3 Colors,M,Men,2025-04-17T00:09:38.483279
Outerwear 713,196.43,4.4,3 Colors,L,Women,2025-04-17T00:09:38.483349
Jacket 714,55.77,3.1,3 Colors,XL,Unisex,2025-04-17T00:09:38.483418
Crewneck 715,438.86,3.9,3 Colors,XXL,Men,2025-04-17T00:09:38.483488
T-shirt 716,225.16,4.9,3 Colors,S,Women,2025-04-17T00:09:38.483557
Hoodie 717,95.80,3.6,3 Colors,M,Unisex,2025-04-17T00:09:38.483626
Pants 718,253.57,3.2,3 Colors,L,Men,2025-04-17T00:09:38.483694
Outerwear 719,198.31,4.7,3 Colors,XL,Women,2025-04-17T00:09:38.483763
Jacket 720,126.77,3.8,3 Colors,XXL,Unisex,2025-04-17T00:09:38.483831
Unknown Product,100.00,5,5 Colors,M,Men,2025-04-17T00:09:41.203236
T-shirt 722,545.27,3.2,3 Colors,M,Women,2025-04-17T00:09:41.203331
Hoodie 723,354.05,3.4,3 Colors,L,Unisex,2025-04-17T00:09:41.203406
Pants 724,301.55,4.7,3 Colors,XL,Men,2025-04-17T00:09:41.203482
Outerwear 725,311.20,3.0,3 Colors,XXL,Women,2025-04-17T00:09:41.203555
Jacket 726,396.62,3.5,3 Colors,S,Unisex,2025-04-17T00:09:41.203627
Crewneck 727,251.50,4.8,3 Colors,M,Men,2025-04-17T00:09:41.203699
T-shirt 728,510.84,3.0,3 Colors,L,Women,2025-04-17T00:09:41.203769
Hoodie 729,401.96,3.6,3 Colors,XL,Unisex,2025-04-17T00:09:41.203839
Pants 730,451.80,4.5,3 Colors,XXL,Men,2025-04-17T00:09:41.203909
Unknown Product,100.00,5,5 Colors,M,Men,2025-04-17T00:09:41.203980
Jacket 732,412.35,3.9,3 Colors,M,Unisex,2025-04-17T00:09:41.204049
Crewneck 733,72.68,4.7,3 Colors,L,Men,2025-04-17T00:09:41.204117
T-shirt 734,428.66,4.2,3 Colors,XL,Women,2025-04-17T00:09:41.204186
Hoodie 735,291.52,4.0,3 Colors,XXL,Unisex,2025-04-17T00:09:41.204254
Outerwear 737,63.48,4.7,3 Colors,M,Women,2025-04-17T00:09:41.204437
Jacket 738,118.37,3.7,3 Colors,L,Unisex,2025-04-17T00:09:41.204509
Crewneck 739,504.56,3.3,3 Colors,XL,Men,2025-04-17T00:09:41.204583
T-shirt 740,438.54,3.4,3 Colors,XXL,Women,2025-04-17T00:09:41.204655
Unknown Product,100.00,5,5 Colors,M,Men,2025-04-17T00:09:43.895843
Pants 742,351.63,3.6,3 Colors,M,Men,2025-04-17T00:09:43.895957
Outerwear 743,354.88,3.0,3 Colors,L,Women,2025-04-17T00:09:43.896050
Jacket 744,323.48,4.1,3 Colors,XL,Unisex,2025-04-17T00:09:43.896138
Crewneck 745,180.16,3.8,3 Colors,XXL,Men,2025-04-17T00:09:43.896218
T-shirt 746,94.84,5.0,3 Colors,S,Women,2025-04-17T00:09:43.896290
Hoodie 747,395.43,4.7,3 Colors,M,Unisex,2025-04-17T00:09:43.896361
Pants 748,195.88,3.7,3 Colors,L,Men,2025-04-17T00:09:43.896430
Outerwear 749,164.21,3.2,3 Colors,XL,Women,2025-04-17T00:09:43.896498
Jacket 750,64.40,3.7,3 Colors,XXL,Unisex,2025-04-17T00:09:43.896567
Unknown Product,100.00,5,5 Colors,M,Men,2025-04-17T00:09:43.896636
T-shirt 752,464.47,3.8,3 Colors,M,Women,2025-04-17T00:09:43.896705
Hoodie 753,508.60,4.8,3 Colors,L,Unisex,2025-04-17T00:09:43.896773
Pants 754,451.86,3.1,3 Colors,XL,Men,2025-04-17T00:09:43.896841
Outerwear 755,431.90,4.6,3 Colors,XXL,Women,2025-04-17T00:09:43.896909
Jacket 756,445.50,3.1,3 Colors,S,Unisex,2025-04-17T00:09:43.896978
Crewneck 757,473.92,4.4,3 Colors,M,Men,2025-04-17T00:09:43.897047
T-shirt 758,376.62,3.1,3 Colors,L,Women,2025-04-17T00:09:43.897115
Hoodie 759,173.74,4.7,3 Colors,XL,Unisex,2025-04-17T00:09:43.897184
Pants 760,136.94,4.1,3 Colors,XXL,Men,2025-04-17T00:09:43.897252
Unknown Product,100.00,5,5 Colors,M,Men,2025-04-17T00:09:46.603153
Jacket 762,255.74,4.9,3 Colors,M,Unisex,2025-04-17T00:09:46.603263
Crewneck 763,362.04,3.9,3 Colors,L,Men,2025-04-17T00:09:46.603339
T-shirt 764,450.73,3.4,3 Colors,XL,Women,2025-04-17T00:09:46.603412
Hoodie 765,83.96,4.9,3 Colors,XXL,Unisex,2025-04-17T00:09:46.603482
Outerwear 767,259.55,4.5,3 Colors,M,Women,2025-04-17T00:09:46.603664
Jacket 768,353.88,4.9,3 Colors,L,Unisex,2025-04-17T00:09:46.603735
Crewneck 769,393.41,3.3,3 Colors,XL,Men,2025-04-17T00:09:46.603804
T-shirt 770,103.44,3.5,3 Colors,XXL,Women,2025-04-17T00:09:46.603873
Unknown Product,100.00,5,5 Colors,M,Men,2025-04-17T00:09:46.603943
Pants 772,546.76,3.4,3 Colors,M,Men,2025-04-17T00:09:46.604012
Outerwear 773,212.10,3.2,3 Colors,L,Women,2025-04-17T00:09:46.604082
Jacket 774,92.86,4.1,3 Colors,XL,Unisex,2025-04-17T00:09:46.604151
Crewneck 775,511.84,3.1,3 Colors,XXL,Men,2025-04-17T00:09:46.604220
T-shirt 776,333.32,3.7,3 Colors,S,Women,2025-04-17T00:09:46.604295
Hoodie 777,381.55,3.4,3 Colors,M,Unisex,2025-04-17T00:09:46.604363
Pants 778,377.17,4.2,3 Colors,L,Men,2025-04-17T00:09:46.604432
Outerwear 779,363.53,3.2,3 Colors,XL,Women,2025-04-17T00:09:46.604500
Jacket 780,172.97,3.4,3 Colors,XXL,Unisex,2025-04-17T00:09:46.604573
Unknown Product,100.00,5,5 Colors,M,Men,2025-04-17T00:09:49.307970
T-shirt 782,257.34,4.5,3 Colors,M,Women,2025-04-17T00:09:49.308084
Hoodie 783,156.92,3.0,3 Colors,L,Unisex,2025-04-17T00:09:49.308175
Pants 784,333.83,3.0,3 Colors,XL,Men,2025-04-17T00:09:49.308261
Outerwear 785,402.78,4.3,3 Colors,XXL,Women,2025-04-17T00:09:49.308346
Jacket 786,421.83,5.0,3 Colors,S,Unisex,2025-04-17T00:09:49.308429
Crewneck 787,287.10,4.7,3 Colors,M,Men,2025-04-17T00:09:49.308512
T-shirt 788,190.07,4.7,3 Colors,L,Women,2025-04-17T00:09:49.308597
Hoodie 789,134.58,4.0,3 Colors,XL,Unisex,2025-04-17T00:09:49.308680
Pants 790,106.77,3.2,3 Colors,XXL,Men,2025-04-17T00:09:49.308764
Unknown Product,100.00,5,5 Colors,M,Men,2025-04-17T00:09:49.308842
Jacket 792,254.31,3.8,3 Colors,M,Unisex,2025-04-17T00:09:49.308911
Crewneck 793,540.63,4.0,3 Colors,L,Men,2025-04-17T00:09:49.308979
T-shirt 794,373.94,4.0,3 Colors,XL,Women,2025-04-17T00:09:49.309046
Hoodie 795,263.10,3.9,3 Colors,XXL,Unisex,2025-04-17T00:09:49.309114
Outerwear 797,173.21,4.9,3 Colors,M,Women,2025-04-17T00:09:49.309287
Jacket 798,274.44,3.4,3 Colors,L,Unisex,2025-04-17T00:09:49.309356
Crewneck 799,253.05,4.2,3 Colors,XL,Men,2025-04-17T00:09:49.309424
T-shirt 800,464.58,4.6,3 Colors,XXL,Women,2025-04-17T00:09:49.309493
Unknown Product,100.00,5,5 Colors,M,Men,2025-04-17T00:09:52.028785
Pants 802,356.89,4.4,3 Colors,M,Men,2025-04-17T00:09:52.028883
Outerwear 803,117.21,4.3,3 Colors,L,Women,2025-04-17T00:09:52.028959
Jacket 804,278.69,3.9,3 Colors,XL,Unisex,2025-04-17T00:09:52.029032
Crewneck 805,204.17,4.8,3 Colors,XXL,Men,2025-04-17T00:09:52.029103
T-shirt 806,456.91,3.0,3 Colors,S,Women,2025-04-17T00:09:52.029173
Hoodie 807,313.50,4.7,3 Colors,M,Unisex,2025-04-17T00:09:52.029242
Pants 808,544.86,3.2,3 Colors,L,Men,2025-04-17T00:09:52.029310
Outerwear 809,447.66,3.7,3 Colors,XL,Women,2025-04-17T00:09:52.029379
Jacket 810,237.29,4.8,3 Colors,XXL,Unisex,2025-04-17T00:09:52.029447
Unknown Product,100.00,5,5 Colors,M,Men,2025-04-17T00:09:52.029516
T-shirt 812,400.38,4.2,3 Colors,M,Women,2025-04-17T00:09:52.029586
Hoodie 813,304.55,5.0,3 Colors,L,Unisex,2025-04-17T00:09:52.029686
Pants 814,69.38,4.7,3 Colors,XL,Men,2025-04-17T00:09:52.029756
Outerwear 815,374.09,4.8,3 Colors,XXL,Women,2025-04-17T00:09:52.029825
Jacket 816,103.07,4.5,3 Colors,S,Unisex,2025-04-17T00:09:52.029908
Crewneck 817,546.51,4.4,3 Colors,M,Men,2025-04-17T00:09:52.029977
T-shirt 818,322.52,3.8,3 Colors,L,Women,2025-04-17T00:09:52.030045
Hoodie 819,296.40,4.7,3 Colors,XL,Unisex,2025-04-17T00:09:52.030113
Pants 820,376.92,3.4,3 Colors,XXL,Men,2025-04-17T00:09:52.030181
Unknown Product,100.00,5,5 Colors,M,Men,2025-04-17T00:09:54.732507
Jacket 822,52.39,4.2,3 Colors,M,Unisex,2025-04-17T00:09:54.732601
Crewneck 823,381.47,4.7,3 Colors,L,Men,2025-04-17T00:09:54.732675
T-shirt 824,206.34,4.1,3 Colors,XL,Women,2025-04-17T00:09:54.732746
Hoodie 825,66.15,3.8,3 Colors,XXL,Unisex,2025-04-17T00:09:54.732816
Outerwear 827,443.19,4.8,3 Colors,M,Women,2025-04-17T00:09:54.732998
Jacket 828,145.25,4.6,3 Colors,L,Unisex,2025-04-17T00:09:54.733070
Crewneck 829,289.40,4.4,3 Colors,XL,Men,2025-04-17T00:09:54.733140
T-shirt 830,281.03,3.0,3 Colors,XXL,Women,2025-04-17T00:09:54.733209
Unknown Product,100.00,5,5 Colors,M,Men,2025-04-17T00:09:54.733279
Pants 832,247.21,4.6,3 Colors,M,Men,2025-04-17T00:09:54.733348
Outerwear 833,443.83,3.0,3 Colors,L,Women,2025-04-17T00:09:54.733417
Jacket 834,451.48,3.1,3 Colors,XL,Unisex,2025-04-17T00:09:54.733485
Crewneck 835,446.46,3.9,3 Colors,XXL,Men,2025-04-17T00:09:54.733552
T-shirt 836,379.09,4.1,3 Colors,S,Women,2025-04-17T00:09:54.733620
Hoodie 837,345.79,5.0,3 Colors,M,Unisex,2025-04-17T00:09:54.733698
Pants 838,178.05,3.1,3 Colors,L,Men,2025-04-17T00:09:54.733766
Outerwear 839,263.02,3.9,3 Colors,XL,Women,2025-04-17T00:09:54.733833
Jacket 840,510.29,3.6,3 Colors,XXL,Unisex,2025-04-17T00:09:54.733901
Unknown Product,100.00,5,5 Colors,M,Men,2025-04-17T00:09:57.446677
T-shirt 842,178.69,3.3,3 Colors,M,Women,2025-04-17T00:09:57.446797
Hoodie 843,187.32,3.6,3 Colors,L,Unisex,2025-04-17T00:09:57.446888
Pants 844,463.93,3.9,3 Colors,XL,Men,2025-04-17T00:09:57.446964
Outerwear 845,126.45,3.2,3 Colors,XXL,Women,2025-04-17T00:09:57.447035
Jacket 846,467.53,3.6,3 Colors,S,Unisex,2025-04-17T00:09:57.447105
Crewneck 847,299.37,3.7,3 Colors,M,Men,2025-04-17T00:09:57.447174
T-shirt 848,383.39,4.1,3 Colors,L,Women,2025-04-17T00:09:57.447249
Hoodie 849,488.51,3.5,3 Colors,XL,Unisex,2025-04-17T00:09:57.447319
Pants 850,259.01,4.2,3 Colors,XXL,Men,2025-04-17T00:09:57.447389
Unknown Product,100.00,5,5 Colors,M,Men,2025-04-17T00:09:57.447459
Jacket 852,173.58,4.1,3 Colors,M,Unisex,2025-04-17T00:09:57.447527
Crewneck 853,165.24,3.4,3 Colors,L,Men,2025-04-17T00:09:57.447596
T-shirt 854,100.00,4.5,3 Colors,XL,Women,2025-04-17T00:09:57.447667
Hoodie 855,203.11,5.0,3 Colors,XXL,Unisex,2025-04-17T00:09:57.447743
Outerwear 857,283.30,3.0,3 Colors,M,Women,2025-04-17T00:09:57.447919
Jacket 858,234.29,3.7,3 Colors,L,Unisex,2025-04-17T00:09:57.447989
Crewneck 859,401.16,3.0,3 Colors,XL,Men,2025-04-17T00:09:57.448058
T-shirt 860,151.21,4.7,3 Colors,XXL,Women,2025-04-17T00:09:57.448126
Unknown Product,100.00,5,5 Colors,M,Men,2025-04-17T00:10:00.115838
Pants 862,258.21,3.3,3 Colors,M,Men,2025-04-17T00:10:00.115933
Outerwear 863,66.96,4.0,3 Colors,L,Women,2025-04-17T00:10:00.116008
Jacket 864,135.50,4.5,3 Colors,XL,Unisex,2025-04-17T00:10:00.116079
Crewneck 865,425.32,3.9,3 Colors,XXL,Men,2025-04-17T00:10:00.116149
T-shirt 866,149.94,3.2,3 Colors,S,Women,2025-04-17T00:10:00.116219
Hoodie 867,81.49,3.3,3 Colors,M,Unisex,2025-04-17T00:10:00.116292
Pants 868,467.11,4.6,3 Colors,L,Men,2025-04-17T00:10:00.116363
Outerwear 869,377.52,4.5,3 Colors,XL,Women,2025-04-17T00:10:00.116432
Jacket 870,399.69,3.5,3 Colors,XXL,Unisex,2025-04-17T00:10:00.116500
Unknown Product,100.00,5,5 Colors,M,Men,2025-04-17T00:10:00.116570
T-shirt 872,83.98,4.3,3 Colors,M,Women,2025-04-17T00:10:00.116639
Hoodie 873,520.10,4.8,3 Colors,L,Unisex,2025-04-17T00:10:00.116706
Pants 874,172.20,4.4,3 Colors,XL,Men,2025-04-17T00:10:00.116775
Outerwear 875,156.67,4.6,3 Colors,XXL,Women,2025-04-17T00:10:00.116843
Jacket 876,201.61,4.6,3 Colors,S,Unisex,2025-04-17T00:10:00.116912
Crewneck 877,284.54,4.6,3 Colors,M,Men,2025-04-17T00:10:00.116980
T-shirt 878,300.61,4.7,3 Colors,L,Women,2025-04-17T00:10:00.117049
Hoodie 879,64.18,3.1,3 Colors,XL,Unisex,2025-04-17T00:10:00.117117
Pants 880,406.11,4.3,3 Colors,XXL,Men,2025-04-17T00:10:00.117193
Unknown Product,100.00,5,5 Colors,M,Men,2025-04-17T00:10:02.794441
Jacket 882,401.31,3.3,3 Colors,M,Unisex,2025-04-17T00:10:02.794546
Crewneck 883,368.82,3.6,3 Colors,L,Men,2025-04-17T00:10:02.794621
T-shirt 884,463.42,4.3,3 Colors,XL,Women,2025-04-17T00:10:02.794692
Hoodie 885,297.54,3.4,3 Colors,XXL,Unisex,2025-04-17T00:10:02.794768
Outerwear 887,487.90,3.8,3 Colors,M,Women,2025-04-17T00:10:02.794951
Jacket 888,491.83,4.2,3 Colors,L,Unisex,2025-04-17T00:10:02.795021
Crewneck 889,395.87,4.6,3 Colors,XL,Men,2025-04-17T00:10:02.795090
T-shirt 890,402.44,4.7,3 Colors,XXL,Women,2025-04-17T00:10:02.795159
Unknown Product,100.00,5,5 Colors,M,Men,2025-04-17T00:10:02.795228
Pants 892,532.21,4.4,3 Colors,M,Men,2025-04-17T00:10:02.795297
Outerwear 893,167.10,3.2,3 Colors,L,Women,2025-04-17T00:10:02.795366
Jacket 894,184.16,4.8,3 Colors,XL,Unisex,2025-04-17T00:10:02.795435
Crewneck 895,70.42,4.3,3 Colors,XXL,Men,2025-04-17T00:10:02.795504
T-shirt 896,492.11,4.9,3 Colors,S,Women,2025-04-17T00:10:02.795573
Hoodie 897,379.87,3.1,3 Colors,M,Unisex,2025-04-17T00:10:02.795641
Pants 898,525.54,4.1,3 Colors,L,Men,2025-04-17T00:10:02.795710
Outerwear 899,387.06,4.8,3 Colors,XL,Women,2025-04-17T00:10:02.795781
Jacket 900,450.89,3.3,3 Colors,XXL,Unisex,2025-04-17T00:10:02.795856
Unknown Product,100.00,5,5 Colors,M,Men,2025-04-17T00:10:05.494216
T-shirt 902,197.75,3.6,3 Colors,M,Women,2025-04-17T00:10:05.494331
Hoodie 903,163.62,4.1,3 Colors,L,Unisex,2025-04-17T00:10:05.494423
Pants 904,209.77,3.9,3 Colors,XL,Men,2025-04-17T00:10:05.494510
Outerwear 905,314.24,4.9,3 Colors,XXL,Women,2025-04-17T00:10:05.494595
Jacket 906,268.86,3.9,3 Colors,S,Unisex,2025-04-17T00:10:05.494680
Crewneck 907,545.79,4.9,3 Colors,M,Men,2025-04-17T00:10:05.494764
T-shirt 908,497.18,4.2,3 Colors,L,Women,2025-04-17T00:10:05.494847
Hoodie 909,523.99,3.6,3 Colors,XL,Unisex,2025-04-17T00:10:05.494930
Pants 910,149.70,4.7,3 Colors,XXL,Men,2025-04-17T00:10:05.495008
Unknown Product,100.00,5,5 Colors,M,Men,2025-04-17T00:10:05.495078
Jacket 912,490.83,4.9,3 Colors,M,Unisex,2025-04-17T00:10:05.495147
Crewneck 913,201.39,3.5,3 Colors,L,Men,2025-04-17T00:10:05.495215
T-shirt 914,362.45,4.6,3 Colors,XL,Women,2025-04-17T00:10:05.495283
Hoodie 915,165.57,4.2,3 Colors,XXL,Unisex,2025-04-17T00:10:05.495350
Outerwear 917,378.85,4.0,3 Colors,M,Women,2025-04-17T00:10:05.495536
Jacket 918,336.30,3.3,3 Colors,L,Unisex,2025-04-17T00:10:05.495607
Crewneck 919,522.75,4.7,3 Colors,XL,Men,2025-04-17T00:10:05.495676
T-shirt 920,231.63,3.2,3 Colors,XXL,Women,2025-04-17T00:10:05.495744
Unknown Product,100.00,5,5 Colors,M,Men,2025-04-17T00:10:08.409541
Pants 922,75.68,4.4,3 Colors,M,Men,2025-04-17T00:10:08.409634
Outerwear 923,152.24,3.7,3 Colors,L,Women,2025-04-17T00:10:08.409710
Jacket 924,235.27,3.8,3 Colors,XL,Unisex,2025-04-17T00:10:08.409783
Crewneck 925,493.80,4.5,3 Colors,XXL,Men,2025-04-17T00:10:08.409866
T-shirt 926,119.44,4.6,3 Colors,S,Women,2025-04-17T00:10:08.409943
Hoodie 927,481.65,3.5,3 Colors,M,Unisex,2025-04-17T00:10:08.410013
Pants 928,244.48,3.4,3 Colors,L,Men,2025-04-17T00:10:08.410082
Outerwear 929,78.34,3.3,3 Colors,XL,Women,2025-04-17T00:10:08.410152
Jacket 930,108.82,4.9,3 Colors,XXL,Unisex,2025-04-17T00:10:08.410226
Unknown Product,100.00,5,5 Colors,M,Men,2025-04-17T00:10:08.410296
T-shirt 932,371.10,4.2,3 Colors,M,Women,2025-04-17T00:10:08.410368
Hoodie 933,310.05,3.4,3 Colors,L,Unisex,2025-04-17T00:10:08.410444
Pants 934,140.51,3.6,3 Colors,XL,Men,2025-04-17T00:10:08.410524
Outerwear 935,378.00,4.1,3 Colors,XXL,Women,2025-04-17T00:10:08.410593
Jacket 936,385.34,3.1,3 Colors,S,Unisex,2025-04-17T00:10:08.410663
Crewneck 937,154.71,4.1,3 Colors,M,Men,2025-04-17T00:10:08.410731
T-shirt 938,253.65,3.6,3 Colors,L,Women,2025-04-17T00:10:08.410799
Hoodie 939,279.13,4.8,3 Colors,XL,Unisex,2025-04-17T00:10:08.410879
Pants 940,361.00,3.7,3 Colors,XXL,Men,2025-04-17T00:10:08.410953
Unknown Product,100.00,5,5 Colors,M,Men,2025-04-17T00:10:11.120059
Jacket 942,498.31,3.0,3 Colors,M,Unisex,2025-04-17T00:10:11.120153
Crewneck 943,285.69,4.4,3 Colors,L,Men,2025-04-17T00:10:11.120229
T-shirt 944,98.64,4.6,3 Colors,XL,Women,2025-04-17T00:10:11.120303
Hoodie 945,131.73,4.2,3 Colors,XXL,Unisex,2025-04-17T00:10:11.120374
Outerwear 947,442.48,4.6,3 Colors,M,Women,2025-04-17T00:10:11.120560
Jacket 948,287.53,3.9,3 Colors,L,Unisex,2025-04-17T00:10:11.120634
Crewneck 949,115.27,4.4,3 Colors,XL,Men,2025-04-17T00:10:11.120704
T-shirt 950,480.73,4.9,3 Colors,XXL,Women,2025-04-17T00:10:11.120774
Unknown Product,100.00,5,5 Colors,M,Men,2025-04-17T00:10:11.120843
Pants 952,447.19,3.7,3 Colors,M,Men,2025-04-17T00:10:11.120913
Outerwear 953,526.45,3.8,3 Colors,L,Women,2025-04-17T00:10:11.120981
Jacket 954,242.42,4.1,3 Colors,XL,Unisex,2025-04-17T00:10:11.121049
Crewneck 955,437.91,4.7,3 Colors,XXL,Men,2025-04-17T00:10:11.121128
T-shirt 956,278.60,3.1,3 Colors,S,Women,2025-04-17T00:10:11.121196
Hoodie 957,251.52,4.4,3 Colors,M,Unisex,2025-04-17T00:10:11.121264
Pants 958,246.64,4.8,3 Colors,L,Men,2025-04-17T00:10:11.121334
Outerwear 959,426.78,4.6,3 Colors,XL,Women,2025-04-17T00:10:11.121408
Jacket 960,365.01,4.5,3 Colors,XXL,Unisex,2025-04-17T00:10:11.121476
Unknown Product,100.00,5,5 Colors,M,Men,2025-04-17T00:10:13.877935
T-shirt 962,180.49,4.1,3 Colors,M,Women,2025-04-17T00:10:13.878033
Hoodie 963,494.76,4.6,3 Colors,L,Unisex,2025-04-17T00:10:13.878109
Pants 964,242.83,3.3,3 Colors,XL,Men,2025-04-17T00:10:13.878184
Outerwear 965,194.20,4.5,3 Colors,XXL,Women,2025-04-17T00:10:13.878255
Jacket 966,531.22,4.9,3 Colors,S,Unisex,2025-04-17T00:10:13.878323
Crewneck 967,109.00,3.5,3 Colors,M,Men,2025-04-17T00:10:13.878392
T-shirt 968,252.82,4.4,3 Colors,L,Women,2025-04-17T00:10:13.878460
Hoodie 969,264.49,3.8,3 Colors,XL,Unisex,2025-04-17T00:10:13.878538
Pants 970,59.56,4.6,3 Colors,XXL,Men,2025-04-17T00:10:13.878621
Unknown Product,100.00,5,5 Colors,M,Men,2025-04-17T00:10:13.878690
Jacket 972,454.50,4.4,3 Colors,M,Unisex,2025-04-17T00:10:13.878759
Crewneck 973,445.90,3.9,3 Colors,L,Men,2025-04-17T00:10:13.878827
T-shirt 974,298.08,3.0,3 Colors,XL,Women,2025-04-17T00:10:13.878895
Hoodie 975,301.00,3.6,3 Colors,XXL,Unisex,2025-04-17T00:10:13.878963
Outerwear 977,209.75,3.6,3 Colors,M,Women,2025-04-17T00:10:13.879161
Jacket 978,244.89,3.6,3 Colors,L,Unisex,2025-04-17T00:10:13.879231
Crewneck 979,303.03,3.4,3 Colors,XL,Men,2025-04-17T00:10:13.879299
T-shirt 980,409.00,3.1,3 Colors,XXL,Women,2025-04-17T00:10:13.879367
Unknown Product,100.00,5,5 Colors,M,Men,2025-04-17T00:10:16.583149
Pants 982,455.11,4.9,3 Colors,M,Men,2025-04-17T00:10:16.583269
Outerwear 983,360.16,3.2,3 Colors,L,Women,2025-04-17T00:10:16.583363
Jacket 984,459.34,3.8,3 Colors,XL,Unisex,2025-04-17T00:10:16.583452
Crewneck 985,389.75,4.3,3 Colors,XXL,Men,2025-04-17T00:10:16.583539
T-shirt 986,419.61,4.5,3 Colors,S,Women,2025-04-17T00:10:16.583626
Hoodie 987,250.50,4.7,3 Colors,M,Unisex,2025-04-17T00:10:16.583711
Pants 988,128.39,3.5,3 Colors,L,Men,2025-04-17T00:10:16.583801
Outerwear 989,429.34,4.2,3 Colors,XL,Women,2025-04-17T00:10:16.583885
Jacket 990,207.96,4.2,3 Colors,XXL,Unisex,2025-04-17T00:10:16.583968
Unknown Product,100.00,5,5 Colors,M,Men,2025-04-17T00:10:16.584037
T-shirt 992,302.53,4.9,3 Colors,M,Women,2025-04-17T00:10:16.584106
Hoodie 993,397.62,3.4,3 Colors,L,Unisex,2025-04-17T00:10:16.584174
Pants 994,105.86,4.4,3 Colors,XL,Men,2025-04-17T00:10:16.584243
Outerwear 995,502.92,3.2,3 Colors,XXL,Women,2025-04-17T00:10:16.584312
Jacket 996,433.90,4.3,3 Colors,S,Unisex,2025-04-17T00:10:16.584380
Crewneck 997,332.58,3.9,3 Colors,M,Men,2025-04-17T00:10:16.584448
T-shirt 998,56.75,4.2,3 Colors,L,Women,2025-04-17T00:10:16.584516
Hoodie 999,533.39,4.8,3 Colors,XL,Unisex,2025-04-17T00:10:16.584584
Pants 1000,183.64,4.7,3 Colors,XXL,Men,2025-04-17T00:10:16.584652
